<hibernate-mapping>
   <class name = "com.example.AlquilerBicicletas.Bicicleta" table = "Bicicleta">
    <meta attribute = "class-description">
        Clase que almacena información de las bicis
    </meta>

    <id name = "id" type ="int" column ="id_bici">
        <generator class = "native"/>
    </id>

    <property name = "estado" column = "estado" type = "string"/>

    <many-to-one name="id_estacion" class="com.example.AlquilerBicicletas.Estacion" column="id_estacion"/>
     

   </class> 
</hibernate-mapping>

