<hibernate-mapping>
   <class name = "com.example.AlquilerBicicletas.Estacion" table = "Estacion">
    <meta attribute = "class-description">
        Clase que almacena información de la estacion
    </meta>

    <id name = "id" type ="int" column ="id_estacion">
        <generator class = "native"/>
    </id>

    <property name = "nombre" column = "nombre" type = "string"/>
    <property name = "direccion" column = "direccion" type = "string"/>


   </class> 
</hibernate-mapping>

